{"trial_id": "20", "hyperparameters": {"space": [{"class_name": "Int", "config": {"name": "filters_cv", "default": null, "conditions": [], "min_value": 2, "max_value": 10, "step": 1, "sampling": "linear"}}, {"class_name": "Int", "config": {"name": "units_encoder", "default": null, "conditions": [], "min_value": 80, "max_value": 200, "step": 10, "sampling": "linear"}}, {"class_name": "Int", "config": {"name": "units_decoder", "default": null, "conditions": [], "min_value": 20, "max_value": 80, "step": 10, "sampling": "linear"}}, {"class_name": "Int", "config": {"name": "latem_dimension", "default": null, "conditions": [], "min_value": 1, "max_value": 10, "step": 1, "sampling": "linear"}}, {"class_name": "Choice", "config": {"name": "l1_penalty", "default": 0.0, "conditions": [], "values": [0.0, 0.0001, 0.0005, 0.001], "ordered": true}}, {"class_name": "Choice", "config": {"name": "l2_penalty", "default": 0.0, "conditions": [], "values": [0.0, 0.0001, 0.0005, 0.001], "ordered": true}}, {"class_name": "Choice", "config": {"name": "learning_rate", "default": 0.01, "conditions": [], "values": [0.01, 0.001, 0.0001], "ordered": true}}, {"class_name": "Int", "config": {"name": "batch_size", "default": null, "conditions": [], "min_value": 50, "max_value": 300, "step": 50, "sampling": "linear"}}, {"class_name": "Choice", "config": {"name": "min_delta", "default": 0.01, "conditions": [], "values": [0.01, 0.005, 0.001], "ordered": true}}, {"class_name": "Int", "config": {"name": "patience", "default": null, "conditions": [], "min_value": 50, "max_value": 100, "step": 10, "sampling": "linear"}}], "values": {"filters_cv": 6, "units_encoder": 180, "units_decoder": 70, "latem_dimension": 6, "l1_penalty": 0.001, "l2_penalty": 0.001, "learning_rate": 0.01, "batch_size": 100, "min_delta": 0.01, "patience": 50}}, "metrics": {"metrics": {"cosine_similarity": {"direction": "min", "observations": [{"value": [0.991544097661972], "step": 40}]}, "loss": {"direction": "min", "observations": [{"value": [0.08814318105578423], "step": 40}]}, "val_cosine_similarity": {"direction": "min", "observations": [{"value": [0.9914206564426422], "step": 40}]}, "val_loss": {"direction": "min", "observations": [{"value": [0.08500218763947487], "step": 40}]}}}, "score": 0.08500218763947487, "best_step": 40, "status": "COMPLETED", "message": null}