{"trial_id": "15", "hyperparameters": {"space": [{"class_name": "Int", "config": {"name": "filters_cv", "default": null, "conditions": [], "min_value": 2, "max_value": 10, "step": 1, "sampling": "linear"}}, {"class_name": "Int", "config": {"name": "units_encoder", "default": null, "conditions": [], "min_value": 80, "max_value": 200, "step": 10, "sampling": "linear"}}, {"class_name": "Int", "config": {"name": "units_decoder", "default": null, "conditions": [], "min_value": 20, "max_value": 80, "step": 10, "sampling": "linear"}}, {"class_name": "Int", "config": {"name": "latem_dimension", "default": null, "conditions": [], "min_value": 1, "max_value": 10, "step": 1, "sampling": "linear"}}, {"class_name": "Choice", "config": {"name": "l1_penalty", "default": 0.0001, "conditions": [], "values": [0.0001, 1e-05, 1e-06, 1e-07], "ordered": true}}, {"class_name": "Choice", "config": {"name": "l2_penalty", "default": 0.0001, "conditions": [], "values": [0.0001, 1e-05, 1e-06, 1e-07], "ordered": true}}, {"class_name": "Choice", "config": {"name": "learning_rate", "default": 0.01, "conditions": [], "values": [0.01, 0.001, 0.0001], "ordered": true}}, {"class_name": "Int", "config": {"name": "batch_size", "default": null, "conditions": [], "min_value": 50, "max_value": 300, "step": 50, "sampling": "linear"}}, {"class_name": "Choice", "config": {"name": "min_delta", "default": 0.01, "conditions": [], "values": [0.01, 0.005, 0.001], "ordered": true}}, {"class_name": "Int", "config": {"name": "patience", "default": null, "conditions": [], "min_value": 50, "max_value": 100, "step": 10, "sampling": "linear"}}], "values": {"filters_cv": 4, "units_encoder": 160, "units_decoder": 30, "latem_dimension": 1, "l1_penalty": 0.0001, "l2_penalty": 1e-07, "learning_rate": 0.001, "batch_size": 50, "min_delta": 0.005, "patience": 80}}, "metrics": {"metrics": {"cosine_similarity": {"direction": "min", "observations": [{"value": [0.995309054851532], "step": 86}]}, "loss": {"direction": "min", "observations": [{"value": [0.006502662436105311], "step": 86}]}, "val_cosine_similarity": {"direction": "min", "observations": [{"value": [0.9954829514026642], "step": 86}]}, "val_loss": {"direction": "min", "observations": [{"value": [0.006225581862963736], "step": 86}]}}}, "score": 0.006225581862963736, "best_step": 86, "status": "COMPLETED", "message": null}