{"trial_id": "28", "hyperparameters": {"space": [{"class_name": "Int", "config": {"name": "filters_cv", "default": null, "conditions": [], "min_value": 2, "max_value": 10, "step": 1, "sampling": "linear"}}, {"class_name": "Int", "config": {"name": "units_encoder", "default": null, "conditions": [], "min_value": 80, "max_value": 200, "step": 10, "sampling": "linear"}}, {"class_name": "Int", "config": {"name": "units_decoder", "default": null, "conditions": [], "min_value": 20, "max_value": 80, "step": 10, "sampling": "linear"}}, {"class_name": "Int", "config": {"name": "latem_dimension", "default": null, "conditions": [], "min_value": 1, "max_value": 10, "step": 1, "sampling": "linear"}}, {"class_name": "Choice", "config": {"name": "l1_penalty", "default": 0.0001, "conditions": [], "values": [0.0001, 1e-05, 1e-06, 1e-07], "ordered": true}}, {"class_name": "Choice", "config": {"name": "l2_penalty", "default": 0.0001, "conditions": [], "values": [0.0001, 1e-05, 1e-06, 1e-07], "ordered": true}}, {"class_name": "Choice", "config": {"name": "learning_rate", "default": 0.01, "conditions": [], "values": [0.01, 0.001, 0.0001], "ordered": true}}, {"class_name": "Int", "config": {"name": "batch_size", "default": null, "conditions": [], "min_value": 50, "max_value": 300, "step": 50, "sampling": "linear"}}, {"class_name": "Choice", "config": {"name": "min_delta", "default": 0.01, "conditions": [], "values": [0.01, 0.005, 0.001], "ordered": true}}, {"class_name": "Int", "config": {"name": "patience", "default": null, "conditions": [], "min_value": 50, "max_value": 100, "step": 10, "sampling": "linear"}}], "values": {"filters_cv": 3, "units_encoder": 170, "units_decoder": 50, "latem_dimension": 6, "l1_penalty": 1e-06, "l2_penalty": 1e-06, "learning_rate": 0.01, "batch_size": 50, "min_delta": 0.01, "patience": 70}}, "metrics": {"metrics": {"cosine_similarity": {"direction": "min", "observations": [{"value": [0.999407559633255], "step": 63}]}, "loss": {"direction": "min", "observations": [{"value": [0.000797450658865273], "step": 63}]}, "val_cosine_similarity": {"direction": "min", "observations": [{"value": [0.9994674623012543], "step": 63}]}, "val_loss": {"direction": "min", "observations": [{"value": [0.0007527886773459613], "step": 63}]}}}, "score": 0.0007527886773459613, "best_step": 63, "status": "COMPLETED", "message": null}