{"trial_id": "02", "hyperparameters": {"space": [{"class_name": "Int", "config": {"name": "filters_cv", "default": null, "conditions": [], "min_value": 2, "max_value": 10, "step": 1, "sampling": "linear"}}, {"class_name": "Int", "config": {"name": "units_encoder", "default": null, "conditions": [], "min_value": 80, "max_value": 200, "step": 10, "sampling": "linear"}}, {"class_name": "Int", "config": {"name": "units_decoder", "default": null, "conditions": [], "min_value": 20, "max_value": 80, "step": 10, "sampling": "linear"}}, {"class_name": "Int", "config": {"name": "latem_dimension", "default": null, "conditions": [], "min_value": 1, "max_value": 10, "step": 1, "sampling": "linear"}}, {"class_name": "Choice", "config": {"name": "l1_penalty", "default": 0.0, "conditions": [], "values": [0.0, 0.0001, 0.0005, 0.001], "ordered": true}}, {"class_name": "Choice", "config": {"name": "l2_penalty", "default": 0.0, "conditions": [], "values": [0.0, 0.0001, 0.0005, 0.001], "ordered": true}}, {"class_name": "Choice", "config": {"name": "learning_rate", "default": 0.01, "conditions": [], "values": [0.01, 0.001, 0.0001], "ordered": true}}, {"class_name": "Int", "config": {"name": "batch_size", "default": null, "conditions": [], "min_value": 50, "max_value": 300, "step": 50, "sampling": "linear"}}, {"class_name": "Choice", "config": {"name": "min_delta", "default": 0.01, "conditions": [], "values": [0.01, 0.005, 0.001], "ordered": true}}, {"class_name": "Int", "config": {"name": "patience", "default": null, "conditions": [], "min_value": 50, "max_value": 100, "step": 10, "sampling": "linear"}}], "values": {"filters_cv": 6, "units_encoder": 170, "units_decoder": 60, "latem_dimension": 7, "l1_penalty": 0.0001, "l2_penalty": 0.0001, "learning_rate": 0.001, "batch_size": 100, "min_delta": 0.01, "patience": 90}}, "metrics": {"metrics": {"cosine_similarity": {"direction": "min", "observations": [{"value": [0.99910107254982], "step": 107}]}, "loss": {"direction": "min", "observations": [{"value": [0.0025021746987476945], "step": 107}]}, "val_cosine_similarity": {"direction": "min", "observations": [{"value": [0.9991386532783508], "step": 107}]}, "val_loss": {"direction": "min", "observations": [{"value": [0.0024281463120132685], "step": 107}]}}}, "score": 0.0024281463120132685, "best_step": 107, "status": "COMPLETED", "message": null}