{"trial_id": "07", "hyperparameters": {"space": [{"class_name": "Int", "config": {"name": "filters_cv", "default": null, "conditions": [], "min_value": 2, "max_value": 10, "step": 1, "sampling": "linear"}}, {"class_name": "Int", "config": {"name": "units_encoder", "default": null, "conditions": [], "min_value": 80, "max_value": 200, "step": 10, "sampling": "linear"}}, {"class_name": "Int", "config": {"name": "units_decoder", "default": null, "conditions": [], "min_value": 20, "max_value": 80, "step": 10, "sampling": "linear"}}, {"class_name": "Int", "config": {"name": "latem_dimension", "default": null, "conditions": [], "min_value": 1, "max_value": 10, "step": 1, "sampling": "linear"}}, {"class_name": "Choice", "config": {"name": "l1_penalty", "default": 0.0001, "conditions": [], "values": [0.0001, 1e-05, 1e-06, 1e-07], "ordered": true}}, {"class_name": "Choice", "config": {"name": "l2_penalty", "default": 0.0001, "conditions": [], "values": [0.0001, 1e-05, 1e-06, 1e-07], "ordered": true}}, {"class_name": "Choice", "config": {"name": "learning_rate", "default": 0.01, "conditions": [], "values": [0.01, 0.001, 0.0001], "ordered": true}}, {"class_name": "Int", "config": {"name": "batch_size", "default": null, "conditions": [], "min_value": 50, "max_value": 300, "step": 50, "sampling": "linear"}}, {"class_name": "Choice", "config": {"name": "min_delta", "default": 0.01, "conditions": [], "values": [0.01, 0.005, 0.001], "ordered": true}}, {"class_name": "Int", "config": {"name": "patience", "default": null, "conditions": [], "min_value": 50, "max_value": 100, "step": 10, "sampling": "linear"}}], "values": {"filters_cv": 9, "units_encoder": 80, "units_decoder": 50, "latem_dimension": 3, "l1_penalty": 1e-05, "l2_penalty": 1e-06, "learning_rate": 0.001, "batch_size": 300, "min_delta": 0.01, "patience": 50}}, "metrics": {"metrics": {"cosine_similarity": {"direction": "min", "observations": [{"value": [0.9989384710788727], "step": 73}]}, "loss": {"direction": "min", "observations": [{"value": [0.002182127209380269], "step": 73}]}, "val_cosine_similarity": {"direction": "min", "observations": [{"value": [0.9990132749080658], "step": 73}]}, "val_loss": {"direction": "min", "observations": [{"value": [0.0020474118646234274], "step": 73}]}}}, "score": 0.0020474118646234274, "best_step": 73, "status": "COMPLETED", "message": null}