{"trial_id": "08", "hyperparameters": {"space": [{"class_name": "Int", "config": {"name": "filters_cv", "default": null, "conditions": [], "min_value": 2, "max_value": 10, "step": 1, "sampling": "linear"}}, {"class_name": "Int", "config": {"name": "units_encoder", "default": null, "conditions": [], "min_value": 80, "max_value": 200, "step": 10, "sampling": "linear"}}, {"class_name": "Int", "config": {"name": "units_decoder", "default": null, "conditions": [], "min_value": 20, "max_value": 80, "step": 10, "sampling": "linear"}}, {"class_name": "Int", "config": {"name": "latem_dimension", "default": null, "conditions": [], "min_value": 1, "max_value": 10, "step": 1, "sampling": "linear"}}, {"class_name": "Choice", "config": {"name": "l1_penalty", "default": 0.0001, "conditions": [], "values": [0.0001, 1e-05, 1e-06, 1e-07], "ordered": true}}, {"class_name": "Choice", "config": {"name": "l2_penalty", "default": 0.0001, "conditions": [], "values": [0.0001, 1e-05, 1e-06, 1e-07], "ordered": true}}, {"class_name": "Choice", "config": {"name": "learning_rate", "default": 0.01, "conditions": [], "values": [0.01, 0.001, 0.0001], "ordered": true}}, {"class_name": "Int", "config": {"name": "batch_size", "default": null, "conditions": [], "min_value": 50, "max_value": 300, "step": 50, "sampling": "linear"}}, {"class_name": "Choice", "config": {"name": "min_delta", "default": 0.01, "conditions": [], "values": [0.01, 0.005, 0.001], "ordered": true}}, {"class_name": "Int", "config": {"name": "patience", "default": null, "conditions": [], "min_value": 50, "max_value": 100, "step": 10, "sampling": "linear"}}], "values": {"filters_cv": 3, "units_encoder": 130, "units_decoder": 60, "latem_dimension": 2, "l1_penalty": 0.0001, "l2_penalty": 1e-06, "learning_rate": 0.0001, "batch_size": 200, "min_delta": 0.005, "patience": 60}}, "metrics": {"metrics": {"cosine_similarity": {"direction": "min", "observations": [{"value": [0.9914838075637817], "step": 146}]}, "loss": {"direction": "min", "observations": [{"value": [0.011639337986707687], "step": 146}]}, "val_cosine_similarity": {"direction": "min", "observations": [{"value": [0.9917815923690796], "step": 146}]}, "val_loss": {"direction": "min", "observations": [{"value": [0.011278924066573381], "step": 146}]}}}, "score": 0.011278924066573381, "best_step": 146, "status": "COMPLETED", "message": null}